{
  "project_info": {
    "project_number": "1041381987068",
    "firebase_url": "https://school-app-flutter.firebaseio.com",
    "project_id": "school-app-flutter",
    "storage_bucket": "school-app-flutter.appspot.com"
  },
  "client": [
    {
      "client_info": {
        "mobilesdk_app_id": "1:1041381987068:android:d551f1b9ed7857d513bd79",
        "android_client_info": {
          "package_name": "com.timothy.school_project"
        }
      },
      "oauth_client": [
        {
          "client_id": "1041381987068-b35rvlne8bgep9mljs271uhbjhqmtovk.apps.googleusercontent.com",
          "client_type": 3
        }
      ],
      "api_key": [
        {
          "current_key": "AIzaSyBGqqii9tfOO3kICQl-aMCfBm8TgKK2ACY"
        }
      ],
      "services": {
        "appinvite_service": {
          "other_platform_oauth_client": [
            {
              "client_id": "1041381987068-b35rvlne8bgep9mljs271uhbjhqmtovk.apps.googleusercontent.com",
              "client_type": 3
            }
          ]
        }
      }
    }
  ],
  "configuration_version": "1"
}